NAME,CITYADCODE,PROADCODE,PRONAME,extent_wgs
北京市,110100,110000,北京市,"115.41736,41.059218|117.500181,39.438333"
天津市,120100,120000,天津市,"116.702065,40.251874|118.063097,38.554742"
石家庄市,130100,130000,河北省,"113.516072,38.763915|115.477337,37.438505"
唐山市,130200,130000,河北省,"117.5056,40.463626|119.442376,38.899751"
秦皇岛市,130300,130000,河北省,"118.562482,40.611529|119.857535,39.428312"
邯郸市,130400,130000,河北省,"113.45566,37.021865|115.47819,36.049013"
邢台市,130500,130000,河北省,"113.753705,37.805799|115.84722,36.753669"
保定市,130600,130000,河北省,"113.760561,39.950925|116.329159,38.236842"
张家口市,130700,130000,河北省,"113.818738,42.147176|116.459359,39.555034"
承德市,130800,130000,河北省,"115.902009,42.615967|119.246741,40.190784"
沧州市,130900,130000,河北省,"115.696844,38.944323|117.99235,37.470048"
廊坊市,131000,130000,河北省,"116.110692,40.084317|117.253662,38.47307"
衡水市,131100,130000,河北省,"115.185373,38.369808|116.559363,37.059401"
太原市,140100,140000,山西省,"111.509454,38.420599|113.149497,37.455515"
大同市,140200,140000,山西省,"112.572931,40.741799|114.556471,39.047151"
阳泉市,140300,140000,山西省,"112.913465,38.523596|114.038186,37.661391"
长治市,140400,140000,山西省,"111.97527,37.124264|113.732939,35.823399"
晋城市,140500,140000,山西省,"111.933422,36.064404|113.618897,35.203942"
朔州市,140600,140000,山西省,"111.89156,40.297948|113.566051,39.088854"
晋中市,140700,140000,山西省,"111.40194,38.092508|114.133545,36.644089"
运城市,140800,140000,山西省,"110.214562,35.821271|112.075552,34.585548"
忻州市,140900,140000,山西省,"110.93903,39.662633|113.960557,38.131747"
临汾市,141000,140000,山西省,"110.368534,36.934463|112.568316,35.387051"
吕梁市,141100,140000,山西省,"110.370235,38.730794|112.32282,36.731891"
呼和浩特市,150100,150000,内蒙古自治区,"110.512697,41.384074|112.302138,39.587904"
包头市,150200,150000,内蒙古自治区,"109.248939,42.734738|111.438956,40.246781"
乌海市,150300,150000,内蒙古自治区,"106.586513,39.904557|107.175894,39.036026"
赤峰市,150400,150000,内蒙古自治区,"116.360797,45.241199|120.981373,41.283506"
通辽市,150500,150000,内蒙古自治区,"119.23129,45.684839|123.714647,42.243574"
鄂尔多斯市,150600,150000,内蒙古自治区,"106.471425,40.882312|111.456438,37.616631"
呼伦贝尔市,150700,150000,内蒙古自治区,"115.521398,53.333846|126.068507,47.094946"
巴彦淖尔市,150800,150000,内蒙古自治区,"105.195033,42.462144|109.899207,40.16984"
乌兰察布市,150900,150000,内蒙古自治区,"110.331595,43.37763|114.804614,40.162828"
兴安盟,152200,150000,内蒙古自治区,"119.474992,47.655259|123.637038,44.254224"
锡林郭勒盟,152500,150000,内蒙古自治区,"111.147029,46.775418|120.116567,41.573712"
阿拉善盟,152900,150000,内蒙古自治区,"97.172116,42.793787|106.865663,37.405499"
沈阳市,210100,210000,辽宁省,"122.420218,43.040491|123.806719,41.197659"
大连市,210200,210000,辽宁省,"120.915494,40.202627|123.52912,38.249233"
鞍山市,210300,210000,辽宁省,"122.182288,41.566184|123.762726,39.998931"
抚顺市,210400,210000,辽宁省,"123.66368,42.475404|125.483737,41.236987"
本溪市,210500,210000,辽宁省,"123.583768,41.567293|125.785447,40.814703"
丹东市,210600,210000,辽宁省,"123.374223,41.156234|125.706393,39.685023"
锦州市,210700,210000,辽宁省,"120.711873,42.12739|122.595162,40.72773"
营口市,210800,210000,辽宁省,"121.854223,40.939199|123.001863,39.918504"
阜新市,210900,210000,辽宁省,"121.014303,42.841308|122.970985,41.69056"
辽阳市,211000,210000,辽宁省,"122.585921,41.609462|123.683061,40.706657"
盘锦市,211100,210000,辽宁省,"121.470551,41.449633|122.415161,40.637484"
铁岭市,211200,210000,辽宁省,"123.446864,43.490021|125.103173,41.984661"
朝阳市,211300,210000,辽宁省,"118.839896,42.380845|121.295298,40.599229"
葫芦岛市,211400,210000,辽宁省,"119.210327,41.204063|121.095671,39.952896"
长春市,220100,220000,吉林省,"124.537553,45.250057|127.088017,43.261649"
吉林市,220200,220000,吉林省,"125.644472,44.644822|128.011283,42.5604"
四平市,220300,220000,吉林省,"123.299773,44.154204|125.778224,42.819561"
辽源市,220400,220000,吉林省,"124.834062,43.230267|125.837902,42.297271"
通化市,220500,220000,吉林省,"125.257888,43.019695|126.748587,40.860138"
白山市,220600,220000,吉林省,"126.114893,42.819106|128.312483,41.361391"
松原市,220700,220000,吉林省,"123.10353,45.539875|126.187875,43.989367"
白城市,220800,220000,吉林省,"121.635889,46.302974|124.3634,44.225207"
延边朝鲜族自治州,222400,220000,吉林省,"127.46271,44.511688|131.311683,41.996547"
哈尔滨市,230100,230000,黑龙江省,"125.682116,46.672334|130.233095,44.059536"
齐齐哈尔市,230200,230000,黑龙江省,"122.394236,48.933441|126.668736,46.221741"
鸡西市,230300,230000,黑龙江省,"130.39225,46.609122|133.942324,44.857088"
鹤岗市,230400,230000,黑龙江省,"129.665666,48.351115|132.517306,47.058471"
双鸭山市,230500,230000,黑龙江省,"130.658893,47.568649|134.339779,45.785909"
大庆市,230600,230000,黑龙江省,"123.748705,47.473758|125.784746,45.380527"
伊春市,230700,230000,黑龙江省,"127.624876,49.438982|130.769536,46.480925"
佳木斯市,230800,230000,黑龙江省,"129.500078,48.462732|135.089004,45.943156"
七台河市,230900,230000,黑龙江省,"130.097017,46.333277|131.928054,45.586179"
牡丹江市,231000,230000,黑龙江省,"128.224572,45.985298|131.315428,43.423674"
黑河市,231100,230000,黑龙江省,"124.741561,51.001941|129.529525,47.584644"
绥化市,231200,230000,黑龙江省,"124.867393,48.095185|128.549078,45.502353"
大兴安岭地区,232700,230000,黑龙江省,"121.175179,53.561485|127.022184,50.90151"
上海市,310100,310000,上海市,"120.851702,31.869446|122.111508,30.672643"
南京市,320100,320000,江苏省,"118.357477,32.615033|119.235164,31.230926"
无锡市,320200,320000,江苏省,"119.514586,31.987075|120.600261,31.122915"
徐州市,320300,320000,江苏省,"116.356237,34.940724|118.669088,33.719998"
常州市,320400,320000,江苏省,"119.135208,32.061269|120.197162,31.154582"
苏州市,320500,320000,江苏省,"119.913987,32.0366|121.38234,30.760365"
南通市,320600,320000,江苏省,"120.197578,32.71295|121.994853,31.616089"
连云港市,320700,320000,江苏省,"118.402768,35.123375|119.845742,33.980807"
淮安市,320800,320000,江苏省,"118.213999,34.094238|119.640038,32.717869"
盐城市,320900,320000,江苏省,"119.453833,34.545714|120.990452,32.57756"
扬州市,321000,320000,江苏省,"119.011194,33.417401|119.907034,32.220148"
镇江市,321100,320000,江苏省,"118.964332,32.321155|119.976706,31.627131"
泰州市,321200,320000,江苏省,"119.641441,33.220756|120.554778,31.929187"
宿迁市,321300,320000,江苏省,"117.934631,34.423348|119.170729,33.138599"
杭州市,330100,330000,浙江省,"118.339776,30.568914|120.717723,29.191534"
宁波市,330200,330000,浙江省,"120.873254,30.453032|122.305333,28.843717"
温州市,330300,330000,浙江省,"119.62076,28.614245|121.368305,27.016638"
嘉兴市,330400,330000,浙江省,"120.291455,31.032577|121.537191,30.247727"
湖州市,330500,330000,浙江省,"119.23178,31.180912|120.486094,30.375563"
绍兴市,330600,330000,浙江省,"119.88396,30.288785|121.227214,29.227812"
金华市,330700,330000,浙江省,"119.223658,29.684808|120.779701,28.526026"
衢州市,330800,330000,浙江省,"118.023065,29.499381|119.341077,28.242343"
舟山市,330900,330000,浙江省,"121.517018,30.905145|122.987921,29.548058"
台州市,331000,330000,浙江省,"120.28556,29.342621|121.975611,28.003452"
丽水市,331100,330000,浙江省,"118.694341,28.953055|120.434476,27.420046"
合肥市,340100,340000,安徽省,"116.682372,32.538062|117.96054,30.952894"
芜湖市,340200,340000,安徽省,"117.47711,31.537886|118.728279,30.640262"
蚌埠市,340300,340000,安徽省,"116.730454,33.504387|118.069634,32.713833"
淮南市,340400,340000,安徽省,"116.359489,33.005211|117.209707,31.903634"
马鞍山市,340500,340000,安徽省,"117.890997,32.060009|118.883826,31.294048"
淮北市,340600,340000,安徽省,"116.388175,34.249959|117.052582,33.280208"
铜陵市,340700,340000,安徽省,"117.074744,31.13121|118.160153,30.416586"
安庆市,340800,340000,安徽省,"115.757213,31.270416|117.243752,29.78419"
黄山市,341000,340000,安徽省,"117.197233,30.519152|118.897718,29.395571"
滁州市,341100,340000,安徽省,"117.155309,33.21824|119.224427,31.852796"
阜阳市,341200,340000,安徽省,"114.87721,33.585738|116.62997,32.405759"
宿州市,341300,340000,安徽省,"116.153718,34.651737|118.182018,33.275725"
六安市,341500,340000,安徽省,"115.365451,32.608154|117.249386,31.010578"
亳州市,341600,340000,安徽省,"115.540178,34.071083|116.827518,32.861225"
池州市,341700,340000,安徽省,"116.643752,30.847596|118.12602,29.564078"
宣城市,341800,340000,安徽省,"117.965217,31.30689|119.644611,29.946177"
福州市,350100,350000,福建省,"118.379688,26.642484|120.528878,25.210376"
厦门市,350200,350000,福建省,"117.881307,24.910133|118.449243,24.386778"
莆田市,350300,350000,福建省,"118.44815,25.754615|119.715565,24.941848"
三明市,350400,350000,福建省,"116.378431,27.133087|118.667964,25.480552"
泉州市,350500,350000,福建省,"117.573658,25.934648|119.061988,24.304458"
漳州市,350600,350000,福建省,"116.895063,25.197378|118.240416,23.551297"
南平市,350700,350000,福建省,"116.998436,28.316224|119.270424,26.258029"
龙岩市,350800,350000,福建省,"115.848753,26.036029|117.74821,24.37335"
宁德市,350900,350000,福建省,"118.543666,27.678565|120.745744,26.295272"
南昌市,360100,360000,江西省,"115.433402,29.176093|116.56074,28.160771"
景德镇市,360200,360000,江西省,"116.957733,29.933951|117.705371,28.720983"
萍乡市,360300,360000,江西省,"113.570697,28.008542|114.270079,26.962025"
九江市,360400,360000,江西省,"113.936683,30.07723|116.899124,28.688403"
新余市,360500,360000,江西省,"114.480444,28.111011|115.401168,27.533622"
鹰潭市,360600,360000,江西省,"116.687395,28.631061|117.467525,27.849764"
赣州市,360700,360000,江西省,"113.908532,27.146819|116.63971,24.488952"
吉安市,360800,360000,江西省,"113.829272,27.964462|115.930616,25.975313"
宜春市,360900,360000,江西省,"113.884403,29.102517|116.144853,27.548631"
抚州市,361000,360000,江西省,"115.586983,28.496736|117.298097,26.498353"
上饶市,361100,360000,江西省,"116.230714,29.701709|118.482744,27.803587"
济南市,370100,370000,山东省,"116.218162,37.538229|117.741475,36.029291"
青岛市,370200,370000,山东省,"119.507575,37.14622|121.401378,35.527497"
淄博市,370300,370000,山东省,"117.539598,37.288575|118.515205,35.923405"
枣庄市,370400,370000,山东省,"116.805897,35.320734|117.826362,34.46266"
东营市,370500,370000,山东省,"118.09956,38.162376|119.336111,36.936513"
烟台市,370600,370000,山东省,"119.547822,38.656695|122.033073,36.559181"
潍坊市,370700,370000,山东省,"118.169149,37.33259|120.006032,35.712145"
济宁市,370800,370000,山东省,"115.860789,35.981247|117.591822,34.451415"
泰安市,370900,370000,山东省,"116.042696,36.47665|117.996831,35.630667"
威海市,371000,370000,山东省,"121.171883,38.251841|122.721324,36.673672"
日照市,371100,370000,山东省,"118.595751,36.041392|119.946983,34.958905"
莱芜市,371200,370000,山东省,"117.325289,36.552882|117.968875,35.990651"
临沂市,371300,370000,山东省,"117.412658,36.206784|119.19763,34.378528"
德州市,371400,370000,山东省,"115.752865,38.00931|117.601354,36.408494"
聊城市,371500,370000,山东省,"115.276543,37.022712|116.540106,35.779159"
滨州市,371600,370000,山东省,"117.258419,38.307998|118.37459,36.687526"
菏泽市,371700,370000,山东省,"114.817763,35.863734|116.408383,34.551957"
郑州市,410100,410000,河南省,"112.715131,34.989117|114.214641,34.263289"
开封市,410200,410000,河南省,"113.871434,35.023483|115.259693,34.198269"
洛阳市,410300,410000,河南省,"111.132445,35.071674|112.978589,33.56473"
平顶山市,410400,410000,河南省,"112.243032,34.347064|113.682465,33.129856"
安阳市,410500,410000,河南省,"113.627066,36.36646|114.983279,35.205233"
鹤壁市,410600,410000,河南省,"113.989961,36.048536|114.752406,35.442888"
新乡市,410700,410000,河南省,"113.375529,35.839334|115.012991,34.878637"
焦作市,410800,410000,河南省,"112.562726,35.494611|113.640848,34.812584"
濮阳市,410900,410000,河南省,"114.869038,36.210253|116.104597,35.331225"
许昌市,411000,410000,河南省,"113.059194,34.408124|114.319237,33.690416"
漯河市,411100,410000,河南省,"113.455401,33.986571|114.289704,33.406507"
三门峡市,411200,410000,河南省,"110.354522,35.084579|112.024878,33.551689"
南阳市,411300,410000,河南省,"110.977352,33.803077|113.808808,32.270945"
商丘市,411400,410000,河南省,"114.821342,34.861476|116.645112,33.708105"
信阳市,411500,410000,河南省,"113.704183,32.661863|115.938613,31.384361"
周口市,411600,410000,河南省,"114.085614,34.338384|115.647724,33.054597"
驻马店市,411700,410000,河南省,"113.091411,33.53209|115.214142,32.279177"
济源市,419001,410000,河南省,"112.030695,35.280179|112.761182,34.896588"
武汉市,420100,420000,湖北省,"113.694682,31.363285|115.07532,29.969238"
黄石市,420200,420000,湖北省,"114.526517,30.332979|115.505685,29.509487"
十堰市,420300,420000,湖北省,"109.430381,33.273349|111.579831,31.508142"
宜昌市,420500,420000,湖北省,"110.250724,31.57566|112.078401,29.94821"
襄阳市,420600,420000,湖北省,"110.758788,32.629933|113.112498,31.232059"
鄂州市,420700,420000,湖北省,"114.500815,30.617351|115.085838,30.019176"
荆门市,420800,420000,湖北省,"111.854558,31.612734|113.484532,30.392834"
孝感市,420900,420000,湖北省,"113.310648,31.85588|114.586815,30.382508"
荆州市,421000,420000,湖北省,"111.238207,30.660443|114.085376,29.430138"
黄冈市,421100,420000,湖北省,"114.396429,31.606651|116.131644,29.723207"
咸宁市,421200,420000,湖北省,"113.532096,30.300443|114.968596,29.032614"
随州市,421300,420000,湖北省,"112.722018,32.434224|114.128817,31.32827"
恩施土家族苗族自治州,422800,420000,湖北省,"108.363307,31.399215|110.63793,29.117228"
神农架林区,429021,420000,湖北省,"109.935084,31.863313|110.977343,31.298417"
天门市,429006,420000,湖北省,"112.587064,30.906245|113.461415,30.380319"
潜江市,429005,420000,湖北省,"112.497042,30.648774|113.027707,30.080012"
仙桃市,429004,420000,湖北省,"112.935314,30.53494|113.819325,30.07226"
长沙市,430100,430000,湖南省,"111.890879,28.664806|114.255988,27.851262"
株洲市,430200,430000,湖南省,"112.961182,28.03231|114.101542,26.048404"
湘潭市,430300,430000,湖南省,"111.994176,28.076968|113.08418,27.341443"
衡阳市,430400,430000,湖南省,"111.538237,27.470494|113.278271,26.117524"
邵阳市,430500,430000,湖南省,"109.817573,27.665765|112.085491,25.965139"
岳阳市,430600,430000,湖南省,"112.309594,29.849986|114.151665,28.425209"
常德市,430700,430000,湖南省,"110.486606,30.129062|112.300325,28.408422"
张家界市,430800,430000,湖南省,"109.688998,29.793397|111.331863,28.870403"
益阳市,430900,430000,湖南省,"110.716251,29.526948|112.944564,27.978075"
郴州市,431000,430000,湖南省,"112.224286,26.842966|114.232374,24.893438"
永州市,431100,430000,湖南省,"110.946697,26.871203|112.451975,24.6393"
怀化市,431200,430000,湖南省,"108.786669,29.024258|111.107547,25.868703"
娄底市,431300,430000,湖南省,"110.767115,28.237595|112.518786,27.20852"
湘西土家族苗族自治州,433100,430000,湖南省,"109.182007,29.636668|110.386011,27.723137"
广州市,440100,440000,广东省,"112.956778,23.931976|114.054119,22.51753"
韶关市,440200,440000,广东省,"112.847132,25.519595|114.740518,23.890466"
深圳市,440300,440000,广东省,"113.671859,22.85444|114.647603,22.236898"
珠海市,440400,440000,广东省,"113.054031,22.457374|114.406361,21.782927"
汕头市,440500,440000,广东省,"116.245722,23.648676|117.354359,23.043337"
佛山市,440600,440000,广东省,"112.385263,23.575482|113.386265,22.646645"
江门市,440700,440000,广东省,"111.998342,22.855757|113.25801,21.445795"
湛江市,440800,440000,广东省,"109.624689,21.920948|111.076095,20.061847"
茂名市,440900,440000,广东省,"110.320818,22.70754|111.678417,21.341154"
肇庆市,441200,440000,广东省,"111.356726,24.402638|112.876722,22.772428"
惠州市,441300,440000,广东省,"113.807689,23.962032|115.413823,22.377342"
梅州市,441400,440000,广东省,"115.310393,24.940355|116.936924,23.37599"
汕尾市,441500,440000,广东省,"114.913765,23.474889|117.04468,20.456509"
河源市,441600,440000,广东省,"114.236805,24.783729|115.588342,23.166937"
阳江市,441700,440000,广东省,"111.277041,22.681339|112.364145,21.468496"
清远市,441800,440000,广东省,"111.922286,25.204697|113.911341,23.457037"
东莞市,441900,440000,广东省,"113.51661,23.145913|114.255378,22.658316"
中山市,442000,440000,广东省,"113.153162,22.779878|113.688132,22.206564"
潮州市,445100,440000,广东省,"116.363358,24.235727|117.201402,23.42885"
揭阳市,445200,440000,广东省,"115.608768,23.775908|116.631721,22.850382"
云浮市,445300,440000,广东省,"111.051471,23.32634|112.516576,22.37849"
南宁市,450100,450000,广西壮族自治区,"107.32526,24.034886|109.616157,22.20533"
柳州市,450200,450000,广西壮族自治区,"108.583813,26.054869|110.173369,23.908548"
桂林市,450300,450000,广西壮族自治区,"109.613976,26.38886|111.487169,24.256456"
梧州市,450400,450000,广西壮族自治区,"110.320569,24.407889|111.662047,22.610148"
北海市,450500,450000,广西壮族自治区,"108.844314,21.92162|109.787882,20.870663"
防城港市,450600,450000,广西壮族自治区,"107.480805,22.37642|108.603707,21.481974"
钦州市,450700,450000,广西壮族自治区,"108.179709,22.68513|109.866479,21.506337"
贵港市,450800,450000,广西壮族自治区,"109.20417,24.044758|110.658194,22.656554"
玉林市,450900,450000,广西壮族自治区,"109.536821,23.127576|110.894361,21.636852"
百色市,451000,450000,广西壮族自治区,"104.447847,25.102267|107.880723,22.857427"
贺州市,451100,450000,广西壮族自治区,"110.566275,25.154396|112.056472,23.654445"
河池市,451200,450000,广西壮族自治区,"106.567595,25.613675|109.156803,23.555844"
来宾市,451300,450000,广西壮族自治区,"108.414116,24.470315|110.453855,23.27144"
崇左市,451400,450000,广西壮族自治区,"106.556902,23.357346|108.108449,21.596511"
海口市,460100,460000,海南省,"110.06514,20.182273|110.704716,19.525661"
三亚市,460200,460000,海南省,"108.928283,18.62494|109.806854,18.117729"
三沙市,460300,460000,海南省,"109.39847,18.118761|117.896496,3.77283"
儋州市,460400,460000,海南省,"108.888278,19.953373|109.761997,19.180652"
琼中黎族苗族自治县,469030,460000,海南省,"109.519825,19.421697|110.15427,18.729495"
保亭黎族苗族自治县,469029,460000,海南省,"109.400903,18.835322|109.848064,18.389554"
陵水黎族自治县,469028,460000,海南省,"109.75163,18.81097|110.225037,18.276088"
乐东黎族自治县,469027,460000,海南省,"108.646336,18.963746|109.403708,18.299651"
昌江黎族自治县,469026,460000,海南省,"108.597212,19.551037|109.294097,18.879834"
白沙黎族自治县,469025,460000,海南省,"109.034709,19.488427|109.697594,18.937335"
临高县,469024,460000,海南省,"109.489873,20.041871|109.893054,19.57524"
澄迈县,469023,460000,海南省,"109.720985,20.09146|110.257588,19.37467"
屯昌县,469022,460000,海南省,"109.817752,19.594481|110.248455,19.132279"
定安县,469021,460000,海南省,"110.119464,19.729881|110.548488,19.212958"
东方市,469007,460000,海南省,"108.568857,19.369364|109.122142,18.716582"
万宁市,469006,460000,海南省,"110.008547,19.106482|110.610342,18.574468"
文昌市,469005,460000,海南省,"110.458392,20.25091|111.31228,19.31763"
琼海市,469002,460000,海南省,"110.115766,19.474063|110.717298,18.977762"
五指山市,469001,460000,海南省,"109.319648,19.034159|109.728154,18.628245"
重庆市,500100,500000,重庆市,"105.286423,32.203438|110.195398,28.163669"
成都市,510100,510000,四川省,"103.021478,31.436936|104.895082,30.090809"
自贡市,510300,510000,四川省,"104.050548,29.639931|105.266741,28.927203"
攀枝花市,510400,510000,四川省,"101.136584,27.346378|102.245975,26.085201"
泸州市,510500,510000,四川省,"105.14186,29.329407|106.376697,27.66302"
德阳市,510600,510000,四川省,"103.793183,31.700583|105.171319,30.52618"
绵阳市,510700,510000,四川省,"103.746537,33.044012|105.722546,30.708125"
广元市,510800,510000,四川省,"104.613774,32.934846|106.762613,31.527314"
遂宁市,510900,510000,四川省,"105.056124,31.163081|105.99731,30.177709"
内江市,511000,510000,四川省,"104.267149,30.042164|105.442498,29.187327"
乐山市,511100,510000,四川省,"102.909529,29.931403|104.249746,28.423522"
南充市,511300,510000,四川省,"105.440959,31.850461|106.964216,30.4608"
眉山市,511400,510000,四川省,"102.851037,30.364534|104.501483,29.403437"
宜宾市,511500,510000,四川省,"103.609872,29.268889|105.352377,27.844137"
广安市,511600,510000,四川省,"105.94395,30.855472|107.309522,30.019861"
达州市,511700,510000,四川省,"106.662187,32.340522|108.542372,30.327353"
雅安市,511800,510000,四川省,"101.934992,30.941024|103.392958,28.851876"
巴中市,511900,510000,四川省,"106.363956,32.741344|107.757286,31.25403"
资阳市,512000,510000,四川省,"104.432806,30.634841|105.750247,29.676646"
阿坝藏族羌族自治州,513200,510000,四川省,"100.525926,34.314673|104.434711,30.596744"
甘孜藏族自治州,513300,510000,四川省,"97.352221,34.197577|102.492989,27.964354"
凉山彝族自治州,513400,510000,四川省,"100.06005,29.305614|103.875453,26.049173"
贵阳市,520100,520000,贵州省,"106.120342,27.358706|107.27556,26.187458"
六盘水市,520200,520000,贵州省,"104.306325,26.923304|105.718198,25.325334"
遵义市,520300,520000,贵州省,"105.605526,29.224288|108.210448,27.136084"
安顺市,520400,520000,贵州省,"105.245498,26.626832|106.567605,25.355871"
毕节市,520500,520000,贵州省,"103.600208,27.779419|106.723027,26.361309"
铜仁市,520600,520000,贵州省,"107.748819,29.089304|109.469855,27.124775"
黔西南布依族苗族自治州,522300,520000,贵州省,"104.527325,26.178912|106.528095,24.621388"
黔东南苗族侗族自治州,522600,520000,贵州省,"107.294767,27.531167|109.590956,25.309341"
黔南布依族苗族自治州,522700,520000,贵州省,"106.207446,27.487632|108.299584,25.061081"
昆明市,530100,530000,云南省,"102.167149,26.546114|103.671679,24.388095"
曲靖市,530300,530000,云南省,"103.05073,27.055776|104.82625,24.350467"
玉溪市,530400,530000,云南省,"101.275302,24.955185|103.151262,23.316371"
保山市,530500,530000,云南省,"98.089008,25.859583|100.046254,24.125059"
昭通市,530600,530000,云南省,"102.870024,28.671879|105.313059,26.537717"
丽江市,530700,530000,云南省,"99.380854,27.927755|101.512447,25.988276"
普洱市,530800,530000,云南省,"99.154866,24.829937|102.322048,22.026954"
临沧市,530900,530000,云南省,"98.672486,25.035382|100.54601,23.080741"
楚雄彝族自治州,532300,530000,云南省,"100.720464,26.502361|102.480826,24.222709"
红河哈尼族彝族自治州,532500,530000,云南省,"101.800562,24.767284|104.28032,22.444173"
文山壮族苗族自治州,532600,530000,云南省,"103.572302,24.46244|106.196566,22.68846"
西双版纳傣族自治州,532800,530000,云南省,"99.944194,22.593044|101.842879,21.142573"
大理白族自治州,532900,530000,云南省,"98.863877,26.700116|101.044926,24.663426"
德宏傣族景颇族自治州,533100,530000,云南省,"97.527749,25.338862|98.726668,23.84199"
怒江傈僳族自治州,533300,530000,云南省,"98.131624,28.397889|99.642442,25.552243"
迪庆藏族自治州,533400,530000,云南省,"98.59381,29.251285|100.307998,26.869225"
拉萨市,540100,540000,西藏自治区,"89.751563,31.058319|92.620761,29.241052"
日喀则市,540200,540000,西藏自治区,"82.1393,31.809419|90.347803,27.213736"
昌都市,540300,540000,西藏自治区,"93.593501,32.595069|99.109783,28.438798"
林芝市,540400,540000,西藏自治区,"92.162392,30.673786|98.75317,27.563057"
山南市,540500,540000,西藏自治区,"90.065499,29.826734|94.358382,26.852924"
那曲地区,540600,540000,西藏自治区,"85.050376,36.485308|95.022192,29.939305"
阿里地区,542500,540000,西藏自治区,"78.393606,35.861136|86.32638,29.678366"
西安市,610100,610000,陕西省,"107.622947,34.744601|109.817344,33.695603"
铜川市,610200,610000,陕西省,"108.5793,35.581298|109.491323,34.805751"
宝鸡市,610300,610000,陕西省,"106.306335,35.106391|108.048348,33.5812"
咸阳市,610400,610000,陕西省,"107.647164,35.54471|109.173098,34.196909"
渭南市,610500,610000,陕西省,"108.959691,35.854182|110.601666,34.211122"
延安市,610600,610000,陕西省,"107.654819,37.50038|110.547165,35.345011"
汉中市,610700,610000,陕西省,"105.487863,33.87997|108.2795,32.148299"
榆林市,610800,610000,陕西省,"107.25879,39.585788|111.239631,36.818927"
安康市,610900,610000,陕西省,"108.021165,33.843374|110.201501,31.70702"
商洛市,611000,610000,陕西省,"108.57146,34.433557|111.031214,33.09664"
兰州市,620100,620000,甘肃省,"102.599292,37.036139|104.573693,35.571477"
嘉峪关市,620200,620000,甘肃省,"97.831116,39.97755|98.523111,39.631172"
金昌市,620300,620000,甘肃省,"101.416427,38.999041|102.732412,38.023173"
白银市,620400,620000,甘肃省,"103.552951,37.637712|105.520801,35.412197"
天水市,620500,620000,甘肃省,"104.574873,35.178553|106.710765,34.078304"
武威市,620600,620000,甘肃省,"101.828956,39.460561|104.204512,36.75517"
张掖市,620700,620000,甘肃省,"97.386993,39.883044|102.21344,37.606537"
平凉市,620800,620000,甘肃省,"105.34163,35.750433|107.859414,34.884368"
酒泉市,620900,620000,甘肃省,"92.321018,42.793787|100.200203,38.103854"
庆阳市,621000,620000,甘肃省,"106.357784,37.158737|108.710708,35.242093"
定西市,621100,620000,甘肃省,"103.464589,36.043807|105.644029,34.125798"
陇南市,621200,620000,甘肃省,"104.02124,34.534051|106.57999,32.59618"
临夏回族自治州,622900,620000,甘肃省,"102.684235,36.21032|103.856458,34.942502"
甘南藏族自治州,623000,620000,甘肃省,"100.762984,35.594484|104.759097,33.105148"
西宁市,630100,630000,青海省,"100.902583,37.40484|101.912756,36.23143"
海东市,630200,630000,青海省,"101.664582,37.148775|103.070413,35.448759"
海北藏族自治州,632200,630000,青海省,"98.09257,39.089746|102.640452,36.734527"
黄南藏族自治州,632300,630000,青海省,"100.685394,36.169909|102.454842,34.065759"
海南藏族自治州,632500,630000,青海省,"98.931534,37.237091|101.797271,34.642345"
果洛藏族自治州,632600,630000,青海省,"96.978835,35.582759|101.777097,32.515209"
玉树藏族自治州,632700,630000,青海省,"89.406451,36.27754|97.775662,31.602453"
海西蒙古族藏族自治州,632800,630000,青海省,"89.638046,39.220836|99.783657,32.723181"
银川市,640100,640000,宁夏回族自治区,"105.834547,38.868439|106.865875,37.601655"
石嘴山市,640200,640000,宁夏回族自治区,"105.981786,39.390902|106.983234,38.616522"
吴忠市,640300,640000,宁夏回族自治区,"105.567471,38.262124|107.652107,36.57222"
固原市,640400,640000,宁夏回族自治区,"105.321228,36.517508|106.954171,35.23879"
中卫市,640500,640000,宁夏回族自治区,"104.290827,37.72731|106.45521,36.121883"
乌鲁木齐市,650100,650000,新疆维吾尔自治区,"86.78636,45.000526|88.976798,42.915644"
克拉玛依市,650200,650000,新疆维吾尔自治区,"84.54928,46.212519|86.033387,44.106695"
吐鲁番市,650400,650000,新疆维吾尔自治区,"87.256946,43.633015|91.915144,41.187941"
哈密市,650500,650000,新疆维吾尔自治区,"91.175847,45.088974|96.388249,40.751613"
昌吉回族自治州,652300,650000,新疆维吾尔自治区,"85.577952,45.487012|91.585549,43.100063"
博尔塔拉蒙古自治州,652700,650000,新疆维吾尔自治区,"79.882542,45.387524|83.801813,44.00339"
巴音郭楞蒙古自治州,652800,650000,新疆维吾尔自治区,"82.467437,43.5599|93.866586,35.640205"
阿克苏地区,652900,650000,新疆维吾尔自治区,"78.025354,42.645563|84.086819,39.465899"
克孜勒苏柯尔克孜自治州,653000,650000,新疆维吾尔自治区,"73.48754,41.398328|78.877264,37.650995"
喀什地区,653100,650000,新疆维吾尔自治区,"74.457631,40.257942|79.863709,35.452328"
和田地区,653200,650000,新疆维吾尔自治区,"77.400854,39.633295|84.917798,34.334369"
伊犁哈萨克自治州,654000,650000,新疆维吾尔自治区,"80.161669,44.842199|85.248218,42.257157"
塔城地区,654200,650000,新疆维吾尔自治区,"82.247087,47.233362|87.333047,43.479564"
阿勒泰地区,654300,650000,新疆维吾尔自治区,"85.525175,49.178714|91.073642,45.000431"
可克达拉市,659008,650000,新疆维吾尔自治区,"80.410437,44.186043|81.198784,43.672134"
双河市,659007,650000,新疆维吾尔自治区,"81.943662,45.040854|82.712066,44.66062"
铁门关市,659006,650000,新疆维吾尔自治区,"85.339412,41.953906|86.094283,41.646446"
北屯市,659005,650000,新疆维吾尔自治区,"87.534093,47.386359|88.348029,47.116127"
五家渠市,659004,650000,新疆维吾尔自治区,"87.364656,44.595877|87.714447,44.003111"
图木舒克市,659003,650000,新疆维吾尔自治区,"78.651283,40.128887|79.603803,39.615647"
阿拉尔市,659002,650000,新疆维吾尔自治区,"79.700292,40.945276|81.951879,40.288362"
石河子市,659001,650000,新疆维吾尔自治区,"85.89838,44.461715|86.167949,44.122174"
昆玉市,659009,650000,新疆维吾尔自治区,
胡杨河市,659010,650000,新疆维吾尔自治区,